strategy,learners,cases,hr@10,hr_ci_low,hr_ci_high,ndcg@10
All-time popularity (uses future data),all learners,3007,0.3711340206185567,0.3545061523112737,0.38942467575656803,0.20076192387978886
Popularity before the first visit,all learners,3007,0.31605755756704496,0.29987067133461,0.333380360597021,0.18649948763516844
Same-job popularity,all learners,755,0.3350993377483444,0.3019867549668874,0.3695364238410596,0.18423142306735824
"Trending, last 30 days",all learners,3007,0.42236506227827436,0.4057889306292348,0.43987371359365407,0.2433258186874485
"Trending, last 7 days",all learners,3007,0.3595117200767446,0.342544108228701,0.37701446162952246,0.21135768432495228
"Trending, last 90 days",all learners,3007,0.4194828984383453,0.4031572495456203,0.43773232071754553,0.2355089983856761
All-time popularity (uses future data),learners with a job,755,0.36423841059602646,0.33112582781456956,0.39867549668874175,0.20608851847535317
Popularity before the first visit,learners with a job,755,0.3536423841059603,0.31920529801324504,0.3880794701986755,0.20684730193982015
Same-job popularity,learners with a job,755,0.3350993377483444,0.3019867549668874,0.3695364238410596,0.18423142306735824
"Trending, last 30 days",learners with a job,755,0.4105960264900662,0.376158940397351,0.4463576158940397,0.2207527540576154
"Trending, last 7 days",learners with a job,755,0.32847682119205296,0.295364238410596,0.3615894039735099,0.19105717808251071
"Trending, last 90 days",learners with a job,755,0.40927152317880794,0.37350993377483444,0.44503311258278144,0.2205589533836142
