fold,bucket,validation_cases,collaborative,content,pathway
0,1,253,0.0,0.1,0.9
0,2-4,401,0.1,0.1,0.8
0,5-19,360,0.4,0.2,0.4
0,20+,89,0.3,0.4,0.3
0,all (global),1103,0.2,0.2,0.6
1,1,257,0.2,0.1,0.7
1,2-4,402,0.2,0.1,0.7
1,5-19,355,0.3,0.1,0.6
1,20+,90,0.3,0.4,0.3
1,all (global),1104,0.3,0.1,0.6
2,1,259,0.3,0.3,0.4
2,2-4,405,0.1,0.1,0.8
2,5-19,351,0.3,0.2,0.5
2,20+,89,0.4,0.5,0.1
2,all (global),1104,0.3,0.2,0.5
3,1,259,0.0,0.1,0.9
3,2-4,392,0.0,0.1,0.9
3,5-19,362,0.4,0.2,0.4
3,20+,91,0.2,0.4,0.4
3,all (global),1104,0.2,0.2,0.6
4,1,272,0.2,0.3,0.5
4,2-4,384,0.3,0.1,0.6
4,5-19,360,0.2,0.1,0.7
4,20+,89,0.3,0.4,0.3
4,all (global),1105,0.3,0.2,0.5
