method,bucket,hr@10,hr_ci_low,hr_ci_high,ndcg@10,learners
ALS matrix factorisation,1,0.37065637065637064,0.33006756756756767,0.41312741312741313,0.23853628039170954,518
ALS matrix factorisation,2-4,0.41517241379310343,0.3793103448275862,0.4496551724137931,0.2768207235428223,725
ALS matrix factorisation,20+,0.23275862068965517,0.15517241379310345,0.3103448275862069,0.12095423672283555,116
ALS matrix factorisation,5-19,0.4007421150278293,0.36178107606679033,0.44155844155844154,0.2634510016332843,539
Content (TF-IDF),1,0.1969111969111969,0.16216216216216217,0.23166023166023167,0.10333060333918379,518
Content (TF-IDF),2-4,0.263448275862069,0.2317241379310345,0.29517241379310344,0.138615927427134,725
Content (TF-IDF),20+,0.3275862068965517,0.2413793103448276,0.41379310344827586,0.18652912544339056,116
Content (TF-IDF),5-19,0.2857142857142857,0.24860853432282004,0.32653061224489793,0.1600350165483687,539
Hybrid (equal weights),1,0.35714285714285715,0.31467181467181465,0.39768339768339767,0.24769774472988565,518
Hybrid (equal weights),2-4,0.46206896551724136,0.42482758620689653,0.496551724137931,0.3339279241548847,725
Hybrid (equal weights),20+,0.43103448275862066,0.33620689655172414,0.5172413793103449,0.31127829381849365,116
Hybrid (equal weights),5-19,0.46938775510204084,0.42857142857142855,0.5102040816326531,0.3481943587150398,539
Hybrid (one global weight mix),1,0.3667953667953668,0.32625482625482627,0.40733590733590735,0.24578178226818814,518
Hybrid (one global weight mix),2-4,0.463448275862069,0.42758620689655175,0.4993103448275862,0.3350579428855647,725
Hybrid (one global weight mix),20+,0.43103448275862066,0.3448275862068966,0.517456896551723,0.305626477224522,116
Hybrid (one global weight mix),5-19,0.46567717996289426,0.4230055658627087,0.5083487940630798,0.34172618154116785,539
Hybrid with prototype scaling,1,0.3745173745173745,0.33204633204633205,0.41505791505791506,0.24895324048077108,518
Hybrid with prototype scaling,2-4,0.46620689655172415,0.4303448275862069,0.4993103448275862,0.3329588266768839,725
Hybrid with prototype scaling,20+,0.45689655172413796,0.3620689655172414,0.5517241379310345,0.3208097597081709,116
Hybrid with prototype scaling,5-19,0.4749536178107607,0.4322820037105751,0.5157699443413729,0.34623177042150366,539
Hybrid without collaborative,1,0.38803088803088803,0.3455115830115831,0.42857142857142855,0.24911831886033642,518
Hybrid without collaborative,2-4,0.4606896551724138,0.42344827586206896,0.496551724137931,0.3295116019939343,725
Hybrid without collaborative,20+,0.4051724137931034,0.3103448275862069,0.4915948275862057,0.29135438912617817,116
Hybrid without collaborative,5-19,0.44155844155844154,0.4007421150278293,0.48237476808905383,0.32897833707865687,539
Hybrid without content,1,0.3764478764478765,0.333976833976834,0.4189189189189189,0.2445570000071488,518
Hybrid without content,2-4,0.463448275862069,0.42758620689655175,0.4979655172413791,0.33390521945340845,725
Hybrid without content,20+,0.39655172413793105,0.3017241379310345,0.48297413793103333,0.2840909964010953,116
Hybrid without content,5-19,0.45083487940630795,0.4100185528756957,0.4935064935064935,0.3373089090619532,539
Hybrid without pathway,1,0.33204633204633205,0.29343629343629346,0.3745173745173745,0.21612008876232205,518
Hybrid without pathway,2-4,0.42482758620689653,0.3903103448275863,0.4593103448275862,0.29216194222896125,725
Hybrid without pathway,20+,0.4224137931034483,0.33599137931034523,0.5088362068965505,0.286677927742209,116
Hybrid without pathway,5-19,0.44712430426716143,0.40630797773654914,0.4897959183673469,0.31531417027298964,539
Hybrid without recency weighting,1,0.3745173745173745,0.33204633204633205,0.41505791505791506,0.24895324048077108,518
Hybrid without recency weighting,2-4,0.4593103448275862,0.4206896551724138,0.49379310344827587,0.3200304068072034,725
Hybrid without recency weighting,20+,0.2413793103448276,0.16379310344827586,0.31896551724137934,0.13581152512891198,116
Hybrid without recency weighting,5-19,0.44341372912801486,0.4007421150278293,0.48608534322820035,0.3055776799805209,539
Item-kNN CF,1,0.33060012413945,0.29070471106987966,0.37098950181815343,0.218336413917927,518
Item-kNN CF,2-4,0.416551724137931,0.38068965517241377,0.4510344827586207,0.28469656031602464,725
Item-kNN CF,20+,0.3879310344827586,0.3017241379310345,0.47413793103448276,0.24891816254602053,116
Item-kNN CF,5-19,0.42528899671756815,0.3844619666048238,0.4661160268303125,0.29913912829840544,539
Item-kNN CF (no recency),1,0.33060012413945,0.29070471106987966,0.37098950181815343,0.218336413917927,518
Item-kNN CF (no recency),2-4,0.3889655172413793,0.35586206896551725,0.4220689655172414,0.27046867824578075,725
Item-kNN CF (no recency),20+,0.12931034482758622,0.06896551724137931,0.1896551724137931,0.08063284101992883,116
Item-kNN CF (no recency),5-19,0.37180370649758404,0.33283471630410405,0.41225427633590894,0.2585844155860317,539
Learning path (Markov),1,0.3938223938223938,0.35135135135135137,0.4362934362934363,0.2464297125668174,518
Learning path (Markov),2-4,0.45517241379310347,0.41793103448275865,0.4882758620689655,0.3221813689773606,725
Learning path (Markov),20+,0.33620689655172414,0.25,0.4224137931034483,0.24407621745491995,116
Learning path (Markov),5-19,0.42857142857142855,0.3877551020408163,0.4712430426716141,0.32079672766535894,539
Pathway hybrid (adaptive),1,0.3745173745173745,0.33204633204633205,0.41505791505791506,0.24895324048077108,518
Pathway hybrid (adaptive),2-4,0.4675862068965517,0.4317241379310345,0.503448275862069,0.334361617038165,725
Pathway hybrid (adaptive),20+,0.4396551724137931,0.35344827586206895,0.5258620689655172,0.30565209142018307,116
Pathway hybrid (adaptive),5-19,0.4675324675324675,0.424860853432282,0.5102040816326531,0.34142140012854166,539
Popularity,1,0.24324324324324326,0.20463320463320464,0.2799227799227799,0.12014119704963949,518
Popularity,2-4,0.2,0.17103448275862068,0.2289655172413793,0.09270319219281314,725
Popularity,20+,0.07758620689655173,0.034482758620689655,0.12931034482758622,0.0421851546276486,116
Popularity,5-19,0.08348794063079777,0.061224489795918366,0.10760667903525047,0.04004976026139276,539
Prototype hybrid (June),1,0.3204633204633205,0.2799227799227799,0.3610521235521233,0.20548364241793587,518
Prototype hybrid (June),2-4,0.4013793103448276,0.3668620689655173,0.43448275862068964,0.2725889470685119,725
Prototype hybrid (June),20+,0.1724137931034483,0.10344827586206896,0.25,0.10154379930308666,116
Prototype hybrid (June),5-19,0.39517625231910947,0.35435992578849723,0.4359925788497217,0.25875185290325925,539
Random,1,0.009652509652509652,0.0019305019305019305,0.019305019305019305,0.004736583806656529,518
Random,2-4,0.008275862068965517,0.002758620689655172,0.015172413793103448,0.002988259516769333,725
Random,20+,0.0,0.0,0.0,0.0,116
Random,5-19,0.00927643784786642,0.0018552875695732839,0.01855287569573284,0.005590805881039008,539
