compared_with,hr@10_difference,hr@10_diff_ci_low,hr@10_diff_ci_high,ndcg@10_difference,ndcg@10_diff_ci_low,ndcg@10_diff_ci_high,wilcoxon_p_ndcg,mcnemar_p_hr,wilcoxon_p_holm,mcnemar_p_holm
Hybrid (equal weights),0.00684931506849315,-0.004214963119072708,0.018967334035827187,-0.001758951536875416,-0.006933139368513837,0.0038313892463856026,0.3453841544646483,0.2546051230937942,0.8479430854874077,0.7638153692813825
Hybrid with prototype scaling,-0.0026343519494204425,-0.009483667017913594,0.004214963119072708,-0.0017566154359242633,-0.004601484370313395,0.0011747363143063511,0.15540460398179573,0.542384011856484,0.6216184159271829,0.7638153692813825
Hybrid (one global weight mix),0.004741833508956797,-0.003161222339304531,0.012644889357218124,0.0005145801791593383,-0.0029686822869836337,0.003773828737838377,0.7543587304349105,0.2806097176983541,0.8479430854874077,0.7638153692813825
Hybrid without content,0.008429926238145416,-0.0005268703898840885,0.01791359325605901,0.00385977898914134,-0.0001348584999074464,0.007949738845218083,0.28264769516246924,0.08050685743008208,0.8479430854874077,0.4025342871504104
Hybrid without collaborative,0.008429926238145416,-0.002107481559536354,0.019494204425711276,0.006215013043437788,0.0017584197243077292,0.010625596482178007,0.005078346707478022,0.1523378060602528,0.02539173353739011,0.6093512242410112
Learning path (Markov),0.01685985247629083,0.0036880927291886197,0.030031612223393046,0.014961731897332601,0.00893565441454753,0.02127960778409127,2.6371292718429914e-06,0.015868784059188693,1.582277563105795e-05,0.09521270435513216
Hybrid without recency weighting,0.022128556375131718,0.008956796628029505,0.03530031612223393,0.026033402669661674,0.017631726306405075,0.0342233937629633,7.038867193065008e-10,0.0011229051962340457,4.927207035145505e-09,0.00786033637363832
Hybrid without pathway,0.03477344573234984,0.02054794520547945,0.04899894625922023,0.033653918179987835,0.023968614414267272,0.043073616785967626,9.486843217115364e-11,1.9216405802018117e-06,7.589474573692291e-10,1.5373124641614494e-05
Item-kNN CF,0.0466377062513149,0.03192615792328974,0.06182228525895275,0.04280187700155498,0.0328347490520127,0.05314881563412184,1.6854923323051794e-15,1.3433665756510158e-09,1.5169430990746616e-14,1.3433665756510158e-08
ALS matrix factorisation,0.05268703898840885,0.03424657534246575,0.07165437302423604,0.058252965776656174,0.04509539085463109,0.0713356479815636,5.968822428267565e-17,4.852808243768532e-08,5.968822428267566e-16,4.367527419391679e-07
Item-kNN CF (no recency),0.08817014641389205,0.0685501342265041,0.10706092098535801,0.07003860089508654,0.05722916725338412,0.08288372774389366,8.529155083513755e-24,2.0735821932156634e-20,9.38207059186513e-23,2.488298631858796e-19
Prototype hybrid (June),0.07692307692307693,0.058482613277133826,0.0958904109589041,0.07141089850608937,0.057593390216006485,0.08400194431965943,6.9305760172269165e-25,1.104059366966897e-15,8.3166912206723e-24,1.2144653036635867e-14
Content (TF-IDF),0.18493150684931506,0.16385669125395153,0.2065331928345627,0.17330541402021124,0.15807508145528482,0.18799625748558138,7.166514734386717e-88,1.0722398866876326e-64,1.0033120628141403e-86,1.3939118526939224e-63
Popularity,0.2692307692307692,0.24130663856691253,0.2971548998946259,0.2291509352299966,0.208533729097025,0.249452972390794,6.521593670203271e-85,6.479322383183122e-75,8.478071771264252e-84,9.071051336456372e-74
Random,0.4320337197049526,0.40937829293993677,0.45574288724973655,0.30728042426994123,0.28836955411115317,0.32524518883915293,3.7491567049563606e-140,9.560136328679892e-235,5.6237350574345406e-139,1.4340204493019838e-233
