method,hr@5,hr@10,hr@20,ndcg@10,mrr,auc,precision@10,recall@10,hr@10_ci_low,hr@10_ci_high,hr@10_fold_sd,ndcg@10_ci_low,ndcg@10_ci_high,ndcg@10_fold_sd,coverage@10,novelty@10,diversity@10
Hybrid (equal weights),0.3587987355110643,0.4336143308746048,0.5221285563751317,0.3130612319350494,0.28772951824998905,0.8972345748988988,0.04336143308746048,0.4336143308746048,0.41043203371970494,0.45575605900948357,0.03284861425568061,0.29392309045057285,0.33114269540028207,0.020649473824320422,0.8243359040274207,6.958005876838001,0.831486253885276
Hybrid with prototype scaling,0.3656480505795574,0.4430979978925184,0.5258166491043204,0.3130588958340983,0.2847333557627452,0.8980829849188201,0.04430979978925184,0.4430979978925184,0.4204425711275026,0.4657534246575342,0.027208060471978462,0.2942930393077162,0.33119202979564627,0.02028197486023686,0.8646101113967438,6.700280185744485,0.849986948877827
Pathway hybrid (adaptive),0.3635405690200211,0.440463645943098,0.5289778714436248,0.311302280398174,0.2836368559039074,0.8990438541665192,0.04404636459430979,0.440463645943098,0.4183219178082192,0.46260537407797675,0.027985518551634267,0.2926252897568126,0.3293301503866493,0.018646217828247137,0.8466152527849186,6.651037692316913,0.8528701879097608
Hybrid (one global weight mix),0.3635405690200211,0.4357218124341412,0.5316122233930453,0.3107877002190147,0.284609084547889,0.9027866716940983,0.04357218124341412,0.4357218124341412,0.4130663856691254,0.45786354056901996,0.033616510635692355,0.29235419260894624,0.3283319820056825,0.0227540262828303,0.8097686375321337,6.715836961172939,0.8480515421335485
Hybrid without content,0.3596856340007025,0.4320337197049526,0.5155962878745863,0.3074425014090327,0.2807067388331574,0.9088646480470228,0.04320337197049526,0.4320337197049526,0.41041886195995786,0.4541622760800843,0.028635858318143734,0.2891447524711995,0.32543944457785257,0.018211694451967488,0.7677806341045416,6.630196722183913,0.8665071884572487
Hybrid without collaborative,0.35036880927291886,0.4320337197049526,0.5131717597471022,0.3050872673547362,0.2776104143908851,0.880053531531083,0.04320337197049526,0.4320337197049526,0.4098919915700738,0.4546891464699684,0.02167696066144644,0.2864778974851928,0.3232450298034527,0.017810998686291823,0.8731790916880892,6.451220078889826,0.8639463725655928
Learning path (Markov),0.34193888303477343,0.42360379346680715,0.5122233930453108,0.2963405485008414,0.2699039478570415,0.9112861925448529,0.04236037934668072,0.42360379346680715,0.40042149631190727,0.4457455216016859,0.009292948977201537,0.27791595376033124,0.31364746215982175,0.013394951981635105,0.6418166238217652,5.748134533936743,0.8977973142590375
Hybrid without recency weighting,0.3398314014752371,0.4183350895679663,0.5100105374077977,0.28526887772851234,0.2566849083816175,0.8991914585884672,0.04183350895679663,0.4183350895679663,0.39620653319283455,0.440463645943098,0.028210888893690597,0.26696635671069074,0.30233713054874267,0.023195801660197097,0.7969151670951157,6.418468350119318,0.8588929346898465
Hybrid without pathway,0.3308746048472076,0.40569020021074814,0.5005268703898841,0.27764836221818623,0.2507551229518488,0.8988432184091436,0.04056902002107481,0.40569020021074814,0.38303477344573233,0.42781875658587987,0.0234195932304419,0.26032394360833444,0.29501485534552013,0.015975147004329164,0.7934875749785776,7.170444714883835,0.8340197812856995
Item-kNN CF,0.31841600180641283,0.3938259396917831,0.4764457879557062,0.26850040339661907,0.24192824863672405,0.894547274738447,0.03938259396917831,0.3938259396917831,0.37156303781839534,0.4165349604536034,0.01855136859906903,0.25036882491953877,0.2851573082523756,0.016288242719818758,0.7446443873179092,7.1696975494418265,0.8525303962138788
ALS matrix factorisation,0.30242360379346683,0.38777660695468913,0.48472075869336145,0.2530493146215178,0.22454529279155327,0.8405367798423224,0.03877766069546891,0.38777660695468913,0.3656348788198103,0.4088514225500527,0.020783675829600168,0.23621517519282714,0.2696878875045656,0.020058617201296782,0.5492716366752356,6.288249388079131,0.8788199279061187
Item-kNN CF (no recency),0.2743370214260625,0.35229349952920597,0.45094526108531624,0.2412636795030875,0.22116289857644664,0.8925487584217775,0.0352293499529206,0.35229349952920597,0.3300314693219703,0.37351062146809594,0.013412609138656063,0.22355991576125742,0.25788144436549615,0.01802839063650246,0.7206512425021423,7.02803200870971,0.8572570391132885
Prototype hybrid (June),0.2808219178082192,0.3635405690200211,0.4488935721812434,0.23989138189208464,0.21519466141965954,0.8982959906761128,0.03635405690200211,0.3635405690200211,0.34192571127502636,0.3856691253951528,0.021374760982033177,0.2236355416328503,0.25607089755390355,0.016618630276744623,0.7652099400171379,7.170053715818624,0.8281599303036005
Content (TF-IDF),0.16859852476290832,0.2555321390937829,0.3287671232876712,0.13799686637796282,0.1145233976366702,0.8324893685940136,0.025553213909378293,0.2555321390937829,0.23603793466807166,0.27502634351949423,0.017534427482521743,0.126204297992017,0.15024378951719553,0.01028344082172578,0.9014567266495287,8.442291907064885,0.7776430204653187
Popularity,0.10063224446786091,0.17123287671232876,0.2602739726027397,0.08215134516817742,0.07021350211410608,0.8591432905455495,0.017123287671232876,0.17123287671232876,0.15384615384615385,0.18757903055848255,0.023472839001718145,0.07277237712849653,0.09095398776951145,0.012432741018005778,0.01970865467009426,3.8755116003640273,0.8985445741686652
Random,0.003161222339304531,0.008429926238145416,0.015806111696522657,0.0040218561282328105,0.0068289206151144356,0.49537747833558365,0.0008429926238145417,0.008429926238145416,0.004741833508956797,0.013171759747102213,0.0028930047007217053,0.0020311111947268227,0.006468133359967601,0.0014597295842188203,1.0,9.212513385740584,0.9517689470712153
