group,method,cases,hr@10,hr_ci_low,hr_ci_high,ndcg@10,share_new_videos,hr@10_existing_videos,hr@10_new_videos
newcomer,Prototype hybrid (June),602,0.34053156146179403,0.3056063122923589,0.3770764119601329,0.24175555066576732,0.26744186046511625,0.3877551020408163,0.2111801242236025
newcomer,Learning path (Markov),602,0.30066445182724255,0.26411960132890366,0.3372093023255814,0.2036791725201121,0.26744186046511625,0.41043083900226757,0.0
newcomer,Pathway hybrid (adaptive),602,0.30066445182724255,0.26411960132890366,0.3372093023255814,0.2036791725201121,0.26744186046511625,0.41043083900226757,0.0
newcomer,Item-kNN CF,602,0.2631805995940719,0.22849476205893346,0.29789297584672336,0.1864919761801181,0.26744186046511625,0.35745765488648834,0.00494344814093129
newcomer,Content (TF-IDF),602,0.2591362126245847,0.22425249169435216,0.29401993355481726,0.1412016782458474,0.26744186046511625,0.2290249433106576,0.3416149068322981
newcomer,Popularity,602,0.19601328903654486,0.1644518272425249,0.2292358803986711,0.09214412112014352,0.26744186046511625,0.2675736961451247,0.0
returning,Learning path (Markov),147,0.08843537414965986,0.047619047619047616,0.1360544217687075,0.03935050440160573,0.42857142857142855,0.15476190476190477,0.0
returning,Popularity,147,0.08843537414965986,0.04081632653061224,0.1360544217687075,0.042017580116018166,0.42857142857142855,0.15476190476190477,0.0
returning,Item-kNN CF,147,0.061224489795918366,0.027210884353741496,0.10204081632653061,0.028817799759548252,0.42857142857142855,0.10714285714285714,0.0
returning,Pathway hybrid (adaptive),147,0.061224489795918366,0.027210884353741496,0.10204081632653061,0.029977729913710047,0.42857142857142855,0.10714285714285714,0.0
returning,Prototype hybrid (June),147,0.05442176870748299,0.02040816326530612,0.09523809523809523,0.02708874590279449,0.42857142857142855,0.09523809523809523,0.0
returning,Content (TF-IDF),147,0.027210884353741496,0.006802721088435374,0.05442176870748299,0.010139935483709773,0.42857142857142855,0.047619047619047616,0.0
